Feature,Mean|SHAP|
num__FAF,0.06985217
num__CH2O,0.06753699
num__Height,0.05832846
num__NCP,0.05775731
num__Age,0.05717693
num__FCVC,0.054582253
num__Weight,0.05321245
